jumps_resolved_static,jumps_resolved_contextual,jumps_resolved_dynamic,jumps_unresolved_static,jumps_unresolved_contextual,jumps_unresolved_dynamic,uaa_no_target,uaa_unbounded,uaa_nonsound,term_stop,term_timeout,term_queue_full,term_max_depth,term_subsumed,term_invalid_opcode,term_stack_underflow,term_stack_overflow,term_stack_out_of_bound,term_op_error,uaa_total
17,0,0,0,0,0,0,0,0,18,0,0,0,0,0,0,0,0,0,0
492,0,10,0,0,6,0,0,6,377,0,0,0,111,10,0,0,0,0,6
587,0,0,0,0,9,0,0,9,494,0,0,0,62,28,0,0,0,2,9
2,0,0,0,0,0,0,0,0,3,0,0,0,0,0,0,0,0,0,0
123,0,0,0,0,0,0,0,0,112,0,0,0,12,0,0,0,0,0,0
98,0,1,0,0,1,0,0,1,96,0,0,0,2,1,0,0,0,0,1
25,0,0,0,0,0,0,0,0,26,0,0,0,0,0,0,0,0,0,0
415,0,26,0,0,9,0,0,9,364,0,0,0,30,46,0,0,0,0,9
161,0,0,0,0,0,0,0,0,66,0,0,0,79,0,0,0,0,0,0
314,0,22,0,0,6,0,0,6,273,0,0,0,38,27,0,0,0,1,6
112,0,6,0,0,4,0,0,4,92,0,0,0,20,10,0,0,0,0,4
185,0,0,0,0,0,0,0,0,152,0,0,0,31,0,0,0,0,0,0
170,0,0,0,0,2,0,0,2,139,0,0,0,26,2,0,0,0,0,2
183,0,3,0,0,0,0,0,0,134,0,0,0,50,2,0,0,0,0,0
204,0,0,0,0,0,0,0,0,192,0,0,0,12,0,0,0,0,0,0
440,0,0,0,0,4,0,0,4,381,0,0,0,27,6,0,0,0,0,4
365,0,0,0,0,1,0,0,1,295,0,0,0,44,15,0,0,0,0,1
461,0,7,0,0,2,0,0,2,278,0,0,0,99,84,0,0,0,0,2
56,0,0,0,0,0,0,0,0,38,0,0,0,19,0,0,0,0,0,0
915,0,29,0,0,17,0,0,17,644,0,0,0,225,75,0,0,0,0,17
184,0,0,0,0,4,0,0,4,153,0,0,0,22,6,0,0,0,0,4
98,0,0,0,0,5,0,0,5,77,0,0,0,20,5,0,0,0,0,5
577,0,3,0,0,5,0,0,5,397,0,0,0,94,85,0,0,0,0,5
146,0,0,0,0,1,0,0,1,108,0,0,0,29,8,0,0,0,0,1
573,0,0,0,0,5,0,0,5,423,0,0,0,62,81,0,0,0,0,5
192,0,0,0,0,0,0,0,0,153,0,0,0,32,2,0,0,0,0,0
734,0,8,0,0,8,0,0,8,509,0,0,0,201,33,0,0,0,0,8
208,0,0,0,0,1,0,0,1,180,0,0,0,12,12,0,0,0,0,1
100,0,0,0,0,1,0,0,1,85,0,0,0,15,1,0,0,0,0,1
48,0,0,0,0,0,0,0,0,48,0,0,0,1,0,0,0,0,0,0
262,0,0,0,0,5,0,0,5,224,0,0,0,8,31,0,0,0,0,5
591,0,7,0,0,9,0,0,9,435,0,0,0,106,58,0,0,0,0,9
121,0,0,0,0,0,0,0,0,88,0,0,0,30,0,0,0,0,0,0
198,0,0,0,0,0,0,0,0,155,0,0,0,40,2,0,0,0,0,0
200,0,0,0,0,5,0,0,5,162,0,0,0,35,5,0,0,0,0,5
635,0,8,0,0,14,0,0,14,510,0,0,0,101,37,0,0,0,0,14
388,0,0,0,0,2,0,0,2,306,0,0,0,51,20,0,0,0,0,2
315,0,23,0,0,5,0,0,5,267,0,0,0,47,9,0,0,0,0,5
241,0,0,0,0,0,0,0,0,191,0,0,0,43,2,0,0,0,0,0
113,0,0,0,0,5,0,0,5,112,0,0,0,0,7,0,0,0,0,5
612,0,0,0,0,3,0,0,3,473,0,0,0,120,4,0,0,0,0,3
906,0,0,0,0,20,0,0,20,578,0,0,0,303,42,0,0,0,0,20
1991,0,16,0,0,35,0,0,35,1259,0,0,0,573,165,0,0,0,2,35
228,0,4,0,0,6,0,0,6,194,0,0,0,27,6,0,0,0,0,6
225,0,0,0,0,0,0,0,0,157,0,0,0,63,0,0,0,0,0,0
176,0,7,0,0,9,0,0,9,123,0,0,0,28,39,0,0,0,1,9
221,0,0,0,0,1,0,0,1,181,0,0,0,34,3,0,0,0,0,1
313,0,13,0,0,2,0,0,2,254,0,0,0,30,42,0,0,0,0,2
285,0,12,0,0,2,0,0,2,253,0,0,0,29,14,0,0,0,1,2
394,0,31,0,0,1,0,0,1,366,0,0,0,34,15,0,0,0,0,1
715,0,0,0,0,11,0,0,11,344,0,0,0,138,234,0,0,0,0,11
356,0,36,0,0,9,0,0,9,313,0,0,0,61,23,0,0,0,0,9
71,0,0,0,0,0,0,0,0,68,0,0,0,3,0,0,0,0,0,0
231,0,0,0,0,4,0,0,4,184,0,0,0,28,17,0,0,0,0,4
279,0,0,0,0,7,0,0,7,217,0,0,0,59,7,0,0,0,0,7
721,0,20,0,0,15,0,0,15,515,0,0,0,155,68,0,0,0,0,15
59,0,0,0,0,0,0,0,0,50,0,0,0,43,9,0,0,0,0,0
1355,0,0,0,0,8,0,0,8,851,0,0,0,371,115,0,0,0,0,8
229,0,0,0,0,1,0,0,1,183,0,0,0,41,3,0,0,0,0,1
226,0,0,0,0,5,0,0,5,213,0,0,0,12,5,0,0,0,0,5
90,0,3,0,0,0,0,0,0,90,0,0,0,0,0,2,0,0,0,0
650,0,0,0,0,10,0,0,10,433,0,0,0,136,90,0,0,0,0,10
978,0,0,0,0,19,0,0,19,496,0,0,0,170,250,0,0,0,1,19
93,0,0,0,0,0,0,0,0,67,0,0,0,19,5,0,0,0,0,0
223,0,0,0,0,0,0,0,0,175,0,0,0,34,6,0,0,0,0,0
113,0,0,0,0,1,0,0,1,107,0,0,0,4,1,0,0,0,0,1
311,0,23,0,0,5,0,0,5,264,0,0,0,46,9,0,0,0,0,5
665,0,0,0,0,9,0,0,9,525,0,0,0,59,82,0,0,0,0,9
921,0,5,0,0,16,0,0,16,687,0,0,0,224,13,0,0,0,0,16
1139,0,9,0,0,18,0,0,18,882,0,0,0,249,9,0,0,0,0,18
862,0,0,0,0,8,0,0,8,619,0,0,0,176,64,1,0,0,0,8
392,0,5,0,0,5,0,0,5,312,0,0,0,57,30,0,0,0,0,5
43,0,0,0,0,0,0,0,0,42,0,0,0,5,9,0,0,0,0,0
127,0,0,0,0,0,0,0,0,93,0,0,0,31,0,0,0,0,0,0
194,0,6,0,0,3,0,0,3,176,0,0,0,12,13,0,0,0,0,3
111,0,0,0,0,0,0,0,0,96,0,0,0,14,0,0,0,0,0,0
345,0,0,0,0,4,0,0,4,288,0,0,0,32,20,0,0,0,0,4
241,0,0,0,0,6,0,0,6,211,0,0,0,22,10,0,0,0,0,6
624,0,22,0,0,11,0,0,11,517,0,0,0,87,39,0,0,0,0,11
857,0,13,0,0,2,0,0,2,461,0,0,0,236,150,0,0,0,0,2
97,0,0,0,0,0,0,0,0,59,0,0,0,39,0,0,0,0,0,0
106,0,0,0,0,2,0,0,2,104,0,0,0,2,3,0,0,0,0,2
273,0,0,0,0,1,0,0,1,236,0,0,0,32,1,0,0,0,0,1
556,0,0,0,0,5,0,0,5,491,0,0,0,38,25,0,0,0,0,5
1458,0,40,0,0,11,0,0,11,930,0,0,0,466,13,0,0,0,1,11
455,0,0,0,0,1,0,0,1,405,0,0,0,15,23,0,0,0,0,1
856,0,0,0,0,22,0,0,22,601,0,0,0,164,96,0,0,0,0,22
321,0,0,0,0,1,0,0,1,243,0,0,0,57,8,0,0,0,0,1
581,0,32,0,0,6,0,0,6,453,0,0,0,130,21,0,0,0,0,6
155,0,0,0,0,0,0,0,0,126,0,0,0,28,0,0,0,0,0,0
609,0,0,0,0,16,0,0,16,391,0,0,0,184,40,0,0,0,0,16
233,0,22,0,0,6,0,0,6,232,0,0,0,21,6,0,0,0,0,6
625,0,0,0,0,13,0,0,13,509,0,0,0,65,61,0,0,0,0,13
210,0,0,0,0,5,0,0,5,165,0,0,0,22,27,0,0,0,1,5
411,0,9,0,0,7,0,0,7,349,0,0,0,39,31,0,0,0,0,7
96,0,0,0,0,1,0,0,1,58,0,0,0,7,31,0,0,0,0,1
313,0,0,0,0,1,0,0,1,260,0,0,0,49,1,0,0,0,0,1
301,0,26,0,0,2,0,0,2,246,0,0,0,37,34,0,0,0,1,2
256,0,0,0,0,2,0,0,2,203,0,0,0,46,2,0,0,0,0,2
306,0,0,0,0,1,0,0,1,269,0,0,0,33,1,0,0,0,0,1
4,0,0,0,0,0,0,0,0,5,0,0,0,0,0,0,0,0,0,0
505,0,0,0,0,12,0,0,12,382,0,0,0,121,13,0,0,0,0,12
338,0,2,0,0,0,0,0,0,273,0,0,0,49,10,0,0,0,0,0
209,0,0,0,0,2,0,0,2,163,0,0,0,31,14,0,0,0,0,2
20,0,0,0,0,0,0,0,0,20,0,0,0,2,8,0,0,1,0,0
137,0,0,0,0,0,0,0,0,114,0,0,0,17,0,0,0,0,0,0
218,0,0,0,0,1,0,0,1,173,0,0,0,34,11,0,0,0,0,1
948,0,53,0,0,6,0,0,6,789,0,0,0,178,24,0,0,0,1,6
130,0,0,0,0,0,0,0,0,94,0,0,0,35,0,0,0,0,0,0
128,0,0,0,0,0,0,0,0,108,0,0,0,19,0,0,0,0,0,0
223,0,0,0,0,0,0,0,0,156,0,0,0,61,0,0,0,0,0,0
224,0,18,0,0,5,0,0,5,220,0,0,0,21,5,0,0,0,0,5
35,0,0,0,0,0,0,0,0,34,0,0,0,1,0,0,0,0,0,0
1315,0,0,0,0,18,0,0,18,840,0,0,0,335,135,0,0,0,0,18
82,0,0,0,0,0,0,0,0,77,0,0,0,2,3,0,0,0,0,0
859,0,0,0,0,20,0,0,20,721,0,0,0,68,57,0,0,0,0,20
331,0,0,0,0,2,0,0,2,265,0,0,0,45,22,0,0,0,0,2
1364,0,0,0,0,13,0,0,13,838,0,0,0,405,110,0,0,0,0,13
260,0,0,0,0,0,0,0,0,189,0,0,0,49,19,0,0,0,0,0
267,0,0,0,0,1,0,0,1,266,0,0,0,2,1,0,0,0,0,1
300,0,0,0,0,3,0,0,3,234,0,0,0,31,35,0,0,0,0,3
218,0,0,0,0,1,0,0,1,180,0,0,0,31,3,0,0,0,0,1
205,0,0,0,0,1,0,0,1,169,0,0,0,31,1,0,0,0,0,1
890,0,0,0,0,8,0,0,8,542,0,0,0,276,64,0,0,0,0,8
226,0,0,0,0,0,0,0,0,173,0,0,0,49,0,0,0,0,0,0
118,0,0,0,0,0,0,0,0,116,0,0,0,3,0,0,0,0,0,0
103,0,0,0,0,1,0,0,1,95,0,0,0,7,1,0,0,0,0,1
376,0,0,0,0,6,0,0,6,332,0,0,0,28,9,0,0,0,0,6
10,0,0,0,0,0,0,0,0,11,0,0,0,0,0,0,0,0,0,0
226,0,0,0,0,1,0,0,1,183,0,0,0,38,3,0,0,0,0,1
670,0,0,0,0,13,0,0,13,458,0,0,0,126,96,0,0,0,0,13
198,0,0,0,0,11,0,0,11,186,0,0,0,8,16,0,0,0,0,11
276,0,0,0,0,2,0,0,2,243,0,0,0,12,21,0,0,0,0,2
346,0,0,0,0,3,0,0,3,330,0,0,0,2,10,0,0,0,0,3
84,0,0,0,0,0,0,0,0,71,0,0,0,10,0,0,0,0,0,0
494,0,30,0,0,5,0,0,5,297,0,0,0,155,69,0,0,0,1,5
102,0,0,0,0,0,0,0,0,88,0,0,0,10,2,0,0,0,0,0
415,0,0,0,0,1,0,0,1,324,0,0,0,78,11,0,0,0,0,1
966,0,0,0,0,20,0,0,20,826,0,0,0,69,61,0,0,0,0,20
588,0,39,0,0,8,0,0,8,438,0,0,0,110,59,1,0,0,0,8
37,0,0,0,0,0,0,0,0,37,0,0,0,1,0,0,0,0,0,0
12,0,0,0,0,0,0,0,0,13,0,0,0,0,0,0,0,0,0,0
154,0,7,0,0,4,0,0,4,140,0,0,0,19,4,0,0,0,0,4
756,0,0,0,0,8,0,0,8,525,0,0,0,133,90,0,0,0,0,8
42,0,0,0,0,0,0,0,0,43,0,0,0,0,0,0,0,0,0,0
238,0,0,0,0,1,0,0,1,197,0,0,0,34,3,0,0,0,0,1
225,0,0,0,0,1,0,0,1,182,0,0,0,38,3,0,0,0,0,1
354,0,7,0,0,7,0,0,7,306,0,0,0,34,28,0,0,0,0,7
266,0,0,0,0,4,0,0,4,232,0,0,0,11,28,0,0,0,0,4
926,0,0,0,0,10,0,0,10,493,0,0,0,226,210,0,0,0,0,10
370,0,0,0,0,6,0,0,6,277,0,0,0,53,45,0,0,0,0,6
400,0,0,0,0,3,0,0,3,227,0,0,0,155,13,0,0,0,0,3
402,0,0,0,0,4,0,0,4,377,0,0,0,24,4,0,0,0,0,4
114,0,0,0,0,0,0,0,0,80,0,0,0,32,1,0,0,0,0,0
103,0,0,0,0,0,0,0,0,85,0,0,0,11,8,0,0,0,0,0
1163,0,0,0,0,12,0,0,12,914,0,0,0,189,36,0,0,0,0,12
299,0,0,0,0,7,0,0,7,259,0,0,0,34,7,0,0,0,0,7
154,0,0,0,0,1,0,0,1,116,0,0,0,27,8,0,0,0,0,1
487,0,0,0,0,2,0,0,2,345,0,0,0,45,68,0,0,0,0,2
114,0,0,0,0,2,0,0,2,108,0,0,0,1,7,0,0,0,0,2
45,0,0,0,0,1,0,0,1,44,0,0,0,1,1,0,0,0,0,1
85,0,0,0,0,0,0,0,0,84,0,0,0,1,0,0,0,0,0,0
460,0,0,0,0,19,0,0,19,393,0,0,0,47,8,0,0,0,0,19
331,0,0,0,0,2,0,0,2,317,0,0,0,8,4,0,0,0,0,2
202,0,0,0,0,0,0,0,0,164,0,0,0,33,0,0,0,0,0,0
781,0,0,0,0,0,0,0,0,575,0,0,0,59,137,0,0,0,0,0
221,0,0,0,0,1,0,0,1,181,0,0,0,34,3,0,0,0,0,1
102,0,0,0,0,0,0,0,0,82,0,0,0,13,3,0,0,0,0,0
172,0,0,0,0,3,0,0,3,144,0,0,0,25,5,0,0,0,0,3
568,0,0,0,0,6,0,0,6,466,0,0,0,56,43,0,0,0,0,6
157,0,9,0,0,4,0,0,4,144,0,0,0,20,4,0,0,0,0,4
165,0,5,0,0,5,0,0,5,140,0,0,0,28,5,0,0,0,0,5
701,0,0,0,0,3,0,0,3,451,0,0,0,151,91,0,0,0,0,3
415,0,0,0,0,0,0,0,0,260,0,0,0,104,33,0,0,0,0,0
1112,0,34,0,0,7,0,0,7,855,0,0,0,243,19,0,0,0,0,7
466,0,11,0,0,4,0,0,4,376,0,0,0,70,32,1,0,0,0,4
171,0,0,0,0,0,0,0,0,136,0,0,0,32,0,0,0,0,0,0
183,0,0,0,0,0,0,0,0,113,0,0,0,55,16,0,0,0,0,0
180,0,0,0,0,1,0,0,1,113,0,0,0,33,17,0,0,0,0,1
262,0,0,0,0,0,0,0,0,220,0,0,0,13,25,0,0,0,0,0
53,0,0,0,0,0,0,0,0,52,0,0,0,1,0,0,0,0,0,0
899,0,39,0,0,14,0,0,14,630,0,0,0,221,81,0,0,0,0,14
214,0,0,0,0,3,0,0,3,149,0,0,0,12,53,0,0,0,0,3
122,0,0,0,0,1,0,0,1,120,0,0,0,2,1,0,0,0,0,1
242,0,13,0,0,6,0,0,6,200,0,0,0,41,12,0,0,0,0,6
154,0,0,0,0,5,0,0,5,121,0,0,0,32,7,0,0,0,0,5
530,0,0,0,0,8,0,0,8,473,0,0,0,48,8,0,0,0,0,8
139,0,10,0,0,6,0,0,6,130,0,0,0,17,6,0,0,0,0,6
195,0,20,0,0,3,0,0,3,207,0,0,0,5,4,0,0,0,0,3
213,0,0,0,0,0,0,0,0,172,0,0,0,26,5,0,0,0,0,0
211,0,1,0,0,3,0,0,3,194,0,0,0,19,3,0,0,0,0,3
285,0,12,0,0,2,0,0,2,253,0,0,0,29,14,0,0,0,1,2
952,0,0,0,0,9,0,0,9,598,0,0,0,265,78,0,0,0,0,9
152,0,9,0,0,5,0,0,5,134,0,0,0,18,15,0,0,0,0,5
224,0,0,0,0,2,0,0,2,189,0,0,0,34,2,0,0,0,0,2
106,0,0,0,0,0,0,0,0,94,0,0,0,10,0,0,0,0,0,0
1,0,0,0,0,0,0,0,0,3,0,0,0,29,2,0,0,0,0,0
1013,0,0,0,0,14,0,0,14,731,0,0,0,191,74,0,0,0,0,14
328,0,20,0,0,8,0,0,8,302,0,0,0,35,14,0,0,0,0,8
3,0,0,0,0,0,0,0,0,5,0,0,0,15,4,0,0,0,0,0
102,0,0,0,0,0,0,0,0,77,0,0,0,4,17,0,0,0,0,0
226,0,0,0,0,1,0,0,1,183,0,0,0,38,3,0,0,0,0,1
293,0,0,0,0,2,0,0,2,240,0,0,0,48,2,0,0,0,0,2
607,0,0,0,0,7,0,0,7,545,0,0,0,53,7,0,0,0,0,7
250,0,0,0,0,1,0,0,1,216,0,0,0,11,18,0,0,0,0,1
477,0,12,0,0,5,0,0,5,407,0,0,0,51,26,0,0,0,1,5
212,0,0,0,0,2,0,0,2,178,0,0,0,28,2,0,0,0,0,2
240,0,0,0,0,0,0,0,0,196,0,0,0,44,0,0,0,0,0,0
135,0,0,0,0,2,0,0,2,104,0,0,0,26,5,0,0,0,0,2
1213,0,0,0,0,19,0,0,19,975,0,0,0,187,34,0,0,0,0,19
687,0,0,0,0,17,0,0,17,383,0,0,0,182,126,0,0,0,0,17
170,0,0,0,0,2,0,0,2,139,0,0,0,26,2,0,0,0,0,2
399,0,12,0,0,3,0,0,3,341,0,0,0,57,3,0,0,0,0,3
255,0,0,0,0,17,0,0,17,177,0,0,0,39,56,0,0,0,0,17
146,0,0,0,0,0,0,0,0,142,0,0,0,0,3,0,0,0,0,0
9,0,0,0,0,0,0,0,0,10,0,0,0,0,0,0,0,0,0,0
1102,0,0,0,0,9,0,0,9,839,0,0,0,217,47,0,0,0,0,9
166,0,9,0,0,5,0,0,5,149,0,0,0,10,21,0,0,0,0,5
547,0,0,0,0,3,0,0,3,341,0,0,0,136,44,0,0,0,0,3
884,0,0,0,0,5,0,0,5,489,0,0,0,264,126,0,0,0,0,5
159,0,4,0,0,5,0,0,5,139,0,0,0,24,5,0,0,0,0,5
1657,0,0,0,0,21,0,0,21,1033,0,0,0,355,254,0,0,0,0,21
516,0,18,0,0,0,0,0,0,352,0,0,0,141,26,0,0,0,0,0
195,0,0,0,0,0,0,0,0,186,0,0,0,7,0,0,0,0,0,0
630,0,2,0,4,4,0,0,8,443,0,0,0,39,54,0,0,0,1,8
941,0,0,0,0,6,0,0,6,674,0,0,0,152,69,0,0,0,0,6
383,0,0,0,0,0,0,0,0,313,0,0,0,26,37,0,0,0,0,0
956,0,1,0,0,18,0,0,18,656,0,0,0,237,68,0,0,0,0,18
1007,0,22,0,0,6,0,0,6,734,0,0,0,204,83,0,0,0,0,6
121,0,0,0,0,0,0,0,0,104,0,0,0,2,16,0,0,0,0,0
350,0,0,0,0,4,0,0,4,310,0,0,0,36,4,0,0,0,0,4
153,0,9,0,0,4,0,0,4,134,0,0,0,17,14,0,0,0,0,4
57,0,0,0,0,0,0,0,0,56,0,0,0,1,1,0,0,0,0,0
65,0,0,0,0,0,0,0,0,63,0,0,0,1,0,0,0,0,0,0
132,0,3,0,0,1,0,0,1,126,0,0,0,3,4,0,0,0,0,1
933,0,0,0,0,6,0,0,6,655,0,0,0,255,30,0,0,0,0,6
193,0,0,0,0,4,0,0,4,156,0,0,0,32,6,0,0,0,0,4
249,0,15,0,0,5,0,0,5,236,0,0,0,24,9,0,0,0,1,5
210,0,0,0,0,0,0,0,0,128,0,0,0,81,0,0,0,0,0,0
223,0,0,0,0,1,0,0,1,182,0,0,0,34,3,0,0,0,0,1
16,0,0,0,0,0,0,0,0,18,0,0,0,0,4,0,0,0,0,0
187,0,11,0,0,4,0,0,4,190,0,0,0,7,4,0,0,0,0,4
417,0,0,0,0,11,0,0,11,346,0,0,0,64,8,0,0,0,0,11
145,0,0,0,0,4,0,0,4,118,0,0,0,23,6,0,0,0,0,4
900,0,0,0,0,1,0,0,1,631,0,0,0,221,23,0,0,0,0,1
290,0,13,0,0,2,0,0,2,258,0,0,0,30,15,0,0,0,1,2
21,0,0,0,0,0,0,0,0,22,0,0,0,0,0,0,0,0,0,0
56,0,0,0,0,0,0,0,0,38,0,0,0,18,0,0,0,0,0,0
840,0,0,0,0,2,0,0,2,596,0,0,0,208,11,0,0,0,0,2
1912,0,18,0,0,50,0,0,50,1284,0,0,0,492,172,0,0,0,0,50
410,0,2,0,0,11,0,0,11,367,0,0,0,22,12,0,0,0,0,11
476,0,12,0,0,4,0,0,4,401,0,0,0,67,16,0,0,0,0,4
279,0,0,0,0,1,0,0,1,243,0,0,0,30,1,0,0,0,0,1
375,0,0,0,0,3,0,0,3,312,0,0,0,36,25,0,0,0,0,3
734,0,0,0,0,0,0,0,0,520,0,0,0,198,1,0,0,0,0,0
84,0,0,0,0,0,0,0,0,73,0,0,0,11,0,0,0,0,0,0
127,0,0,0,0,0,0,0,0,91,0,0,0,36,0,0,0,0,0,0
50,0,0,0,0,0,0,0,0,50,0,0,0,1,0,0,0,0,0,0
119,0,11,0,0,6,0,0,6,110,0,0,0,16,8,0,0,0,0,6
321,0,0,0,0,1,0,0,1,245,0,0,0,55,10,0,0,0,0,1
175,0,0,0,0,1,0,0,1,133,0,0,0,32,8,0,0,0,0,1
43,0,0,0,0,0,0,0,0,42,0,0,0,2,0,0,0,0,0,0
135,0,13,0,0,1,0,0,1,140,0,0,0,2,7,0,0,0,0,1
252,0,0,0,0,1,0,0,1,186,0,0,0,48,17,0,0,0,0,1
47,0,0,0,0,0,0,0,0,48,0,0,0,0,0,0,0,0,0,0
290,0,22,0,0,3,0,0,3,268,0,0,0,12,26,0,0,0,0,3
80,0,8,0,0,0,0,0,0,60,0,0,0,17,10,0,0,0,0,0
60,0,0,0,0,3,0,0,3,51,0,0,0,9,3,0,0,0,0,3
78,0,0,0,0,0,0,0,0,69,0,0,0,8,0,0,0,0,0,0
223,0,0,0,0,1,0,0,1,182,0,0,0,34,3,0,0,0,0,1
418,0,17,0,0,8,0,0,8,308,0,0,0,82,49,0,0,0,0,8
255,0,0,0,0,0,0,0,0,192,0,0,0,59,0,0,0,0,0,0
71,0,0,0,0,0,0,0,0,62,0,0,0,5,3,0,0,0,0,0
470,0,0,0,0,5,0,0,5,404,0,0,0,60,5,0,0,0,0,5
200,0,0,0,0,2,0,0,2,161,0,0,0,39,2,0,0,0,0,2
84,0,0,0,0,0,0,0,0,77,0,0,0,6,0,0,0,0,0,0
295,0,0,0,0,5,0,0,5,261,0,0,0,33,5,0,0,0,0,5
68,0,0,0,0,0,0,0,0,66,0,0,0,1,0,0,0,0,0,0
19,0,0,0,0,0,0,0,0,20,0,0,0,0,0,0,0,0,0,0
276,0,0,0,0,1,0,0,1,237,0,0,0,33,1,0,0,0,0,1
548,0,0,0,0,0,0,0,0,374,0,0,0,128,12,0,0,1,0,0
453,0,27,0,0,4,0,0,4,422,0,0,0,44,7,0,0,0,0,4
234,0,0,0,0,0,0,0,0,189,0,0,0,37,2,0,0,0,0,0
336,0,0,0,0,10,0,0,10,204,0,0,0,44,92,0,0,0,0,10
285,0,12,0,0,2,0,0,2,253,0,0,0,29,14,0,0,0,1,2
177,0,11,0,0,5,0,0,5,167,0,0,0,16,5,0,0,0,0,5
100,0,0,0,0,3,0,0,3,82,0,0,0,19,3,0,0,0,0,3
155,0,0,0,0,0,0,0,0,128,0,0,0,11,16,0,0,0,0,0
559,0,0,0,0,19,0,0,19,349,0,0,0,91,124,0,0,0,0,19
128,0,0,0,0,4,0,0,4,100,0,0,0,26,4,0,0,0,0,4
190,0,16,0,0,0,0,0,0,192,0,0,0,0,12,0,0,0,0,0
188,0,0,0,0,1,0,0,1,143,0,0,0,38,1,0,0,0,0,1
472,0,0,0,0,5,0,0,5,411,0,0,0,43,9,0,0,0,0,5
154,0,0,0,0,0,0,0,0,120,0,0,0,34,0,0,0,0,0,0
385,0,31,0,0,7,0,0,7,306,0,0,0,65,39,0,0,0,1,7
190,0,0,0,0,0,0,0,0,152,0,0,0,34,2,0,0,0,0,0
146,0,0,0,0,0,0,0,0,144,0,0,0,3,0,0,0,0,0,0
73,0,5,0,0,0,0,0,0,63,0,0,0,11,5,0,0,0,0,0
390,0,0,0,0,0,0,0,0,336,0,0,0,22,11,1,0,0,0,0
347,0,5,0,0,7,0,0,7,283,0,0,0,53,10,0,0,0,0,7
131,0,0,0,0,0,0,0,0,95,0,0,0,30,0,0,0,0,0,0
286,0,0,0,0,0,0,0,0,230,0,0,0,54,0,0,0,0,0,0
87,0,0,0,0,2,0,0,2,73,0,0,0,14,2,0,0,0,0,2
936,0,58,0,0,6,0,0,6,800,0,0,0,151,23,0,0,0,1,6
383,0,0,0,0,3,0,0,3,318,0,0,0,37,25,0,0,0,0,3
433,0,10,0,0,3,0,0,3,426,0,0,0,16,3,1,0,0,0,3
367,0,0,0,0,4,0,0,4,323,0,0,0,28,7,0,0,0,0,4
118,0,0,0,0,0,0,0,0,116,0,0,0,3,0,0,0,0,0,0
341,0,27,0,0,4,0,0,4,325,0,0,0,33,8,0,0,0,0,4
413,0,19,0,0,3,0,0,3,381,0,0,0,19,21,0,0,0,0,3
840,0,0,0,0,2,0,0,2,596,0,0,0,208,11,0,0,0,0,2
349,0,0,0,0,2,0,0,2,311,0,0,0,38,2,0,0,0,0,2
104,0,0,0,0,4,0,0,4,85,0,0,0,18,4,0,0,0,0,4
326,0,0,0,0,4,0,0,4,263,0,0,0,34,31,0,0,0,0,4
672,0,21,0,0,19,0,0,19,502,0,0,0,116,62,0,0,0,0,19
67,0,0,0,0,1,0,0,1,67,0,0,0,1,1,0,0,0,0,1
601,0,0,0,0,16,0,0,16,379,0,0,0,137,93,0,0,0,0,16
195,0,0,0,0,6,0,0,6,168,0,0,0,16,9,0,0,0,0,6
34,0,0,0,0,0,0,0,0,35,0,0,0,0,0,0,0,0,0,0
289,0,0,0,0,0,0,0,0,210,0,0,0,41,35,0,0,0,0,0
146,0,0,0,0,3,0,0,3,104,0,0,0,40,3,0,0,0,0,3
340,0,0,0,0,4,0,0,4,265,0,0,0,61,6,0,0,0,0,4
254,0,0,0,0,0,0,0,0,174,0,0,0,63,10,0,0,0,0,0
1695,0,0,0,0,1,0,0,1,1078,0,0,0,557,9,0,0,0,0,1
199,0,0,0,0,1,0,0,1,152,0,0,0,47,1,0,0,0,0,1
1028,0,0,0,0,3,0,0,3,784,0,0,0,205,35,0,0,0,0,3
259,0,6,0,0,5,0,0,5,201,0,0,0,38,23,0,0,0,0,5
337,0,36,0,0,1,0,0,1,297,0,0,0,52,19,0,0,0,0,1
275,0,0,0,0,3,0,0,3,213,0,0,0,53,8,0,0,0,0,3
379,0,0,0,0,2,0,0,2,292,0,0,0,64,12,0,0,0,0,2
324,0,23,0,0,4,0,0,4,270,0,0,0,55,8,0,0,0,0,4
149,0,0,0,0,0,0,0,0,123,0,0,0,27,0,0,0,0,0,0
311,0,0,0,0,0,0,0,0,185,0,0,0,118,2,0,0,0,0,0
11,0,0,0,0,0,0,0,0,12,0,0,0,0,0,0,0,0,0,0
224,0,0,0,0,0,0,0,0,156,0,0,0,60,0,0,0,0,0,0
618,0,0,0,0,1,0,0,1,481,0,0,0,58,20,1,0,0,0,1
220,0,0,0,0,0,0,0,0,155,0,0,0,60,0,0,0,0,0,0
156,0,0,0,0,0,0,0,0,126,0,0,0,29,0,0,0,0,0,0
72,0,7,0,0,1,0,0,1,70,0,0,0,6,1,0,0,0,0,1
250,0,13,0,0,6,0,0,6,218,0,0,0,41,6,0,0,0,0,6
222,0,0,0,0,5,0,0,5,156,0,0,0,34,35,0,0,0,0,5
234,0,0,0,0,0,0,0,0,189,0,0,0,37,2,0,0,0,0,0
154,0,0,0,0,0,0,0,0,123,0,0,0,31,0,0,0,0,0,0
288,0,0,0,0,1,0,0,1,254,0,0,0,33,1,0,0,0,0,1
257,0,41,0,0,2,0,0,2,247,0,0,0,41,13,0,0,0,0,2
182,0,0,0,0,2,0,0,2,165,0,0,0,14,3,0,0,0,0,2
832,0,0,0,0,4,0,0,4,643,0,0,0,104,69,0,0,0,0,4
489,0,0,0,0,3,0,0,3,395,0,0,0,84,3,0,0,0,0,3
566,0,0,0,0,7,0,0,7,494,0,0,0,58,7,0,0,0,0,7
372,0,0,0,0,2,0,0,2,329,0,0,0,35,4,0,0,0,2,2
559,0,0,0,0,14,0,0,14,510,0,0,0,44,8,0,0,0,0,14
198,0,29,0,0,3,0,0,3,198,0,0,0,17,10,0,0,0,0,3
71,0,2,0,0,0,0,0,0,72,0,0,0,0,2,0,0,0,0,0
238,0,0,0,0,0,0,0,0,179,0,0,0,53,0,0,0,0,0,0
493,0,0,0,0,6,0,0,6,454,0,0,0,39,6,0,0,0,0,6
234,0,0,0,0,0,0,0,0,189,0,0,0,37,2,0,0,0,0,0
482,0,12,0,0,5,0,0,5,369,0,0,0,98,29,0,0,0,0,5
578,0,0,0,0,6,0,0,6,512,0,0,0,55,6,0,0,0,0,6
284,0,0,0,0,11,0,0,11,237,0,0,0,27,24,0,0,0,0,11
31,0,0,0,0,0,0,0,0,18,0,0,0,72,4,0,0,0,0,0
161,0,7,0,0,5,0,0,5,133,0,0,0,32,5,0,0,0,0,5
176,0,6,0,0,5,0,0,5,153,0,0,0,30,5,0,0,0,0,5
461,0,29,0,0,2,0,0,2,372,0,0,0,99,10,0,0,0,0,2
214,0,0,0,0,0,0,0,0,186,0,0,0,11,9,0,0,0,0,0
108,0,0,0,0,0,0,0,0,86,0,0,0,18,5,0,0,0,0,0
52,0,0,0,0,0,0,0,0,51,0,0,0,1,0,0,0,0,0,0
507,0,0,0,0,10,0,0,10,427,0,0,0,60,21,0,0,0,0,10
16,0,0,0,0,0,0,0,0,7,0,0,0,10,0,0,0,0,0,0
638,0,0,0,0,4,0,0,4,419,0,0,0,134,86,0,0,0,0,4
170,0,7,0,0,1,0,0,1,148,0,0,0,12,17,0,0,0,0,1
128,0,0,0,0,0,0,0,0,128,0,0,0,1,0,0,0,0,0,0
1059,0,0,0,0,0,0,0,0,645,0,0,0,388,0,0,0,0,0,0
903,0,0,0,0,1,0,0,1,633,0,0,0,221,23,0,0,0,0,1
290,0,13,0,0,2,0,0,2,258,0,0,0,30,15,0,0,0,1,2
776,0,34,0,0,4,0,0,4,615,0,0,0,61,107,0,0,0,0,4
189,0,1,0,0,5,0,0,5,173,0,0,0,7,5,0,0,0,0,5
31,0,0,0,0,0,0,0,0,30,0,0,0,1,0,0,0,0,0,0
168,0,11,0,0,5,0,0,5,133,0,0,0,30,18,0,0,0,0,5
729,0,25,0,0,11,0,0,11,623,0,0,0,104,20,0,0,0,0,11
74,0,0,0,0,0,0,0,0,57,0,0,0,17,0,0,0,0,0,0
209,0,0,0,0,0,0,0,0,162,0,0,0,45,0,0,0,0,0,0
344,0,0,0,0,9,0,0,9,276,0,0,0,48,18,0,0,0,0,9
400,0,0,0,0,3,0,0,3,314,0,0,0,76,3,0,0,0,0,3
1739,0,41,0,0,4,0,0,4,1160,0,0,0,379,138,0,0,0,0,4
210,0,0,0,0,0,0,0,0,153,0,0,0,48,0,0,0,0,0,0
16,0,0,0,0,0,0,0,0,17,0,0,0,0,0,0,0,0,0,0
875,0,0,0,0,20,0,0,20,605,0,0,0,170,106,0,0,0,0,20
155,0,0,0,0,4,0,0,4,121,0,0,0,30,6,0,0,0,0,4
146,0,0,0,0,0,0,0,0,115,0,0,0,34,16,0,0,0,0,0
873,0,8,0,0,14,0,0,14,655,0,0,0,208,19,0,0,0,0,14
293,0,0,0,0,4,0,0,4,243,0,0,0,14,40,0,0,0,0,4
85,0,0,0,0,0,0,0,0,81,0,0,0,0,5,0,0,0,0,0
144,0,0,0,0,0,0,0,0,129,0,0,0,8,0,0,0,0,0,0
1737,0,36,0,0,11,0,0,11,1069,0,0,0,475,128,0,0,0,0,11
365,0,0,0,0,4,0,0,4,300,0,0,0,44,23,0,0,0,0,4
205,0,0,0,0,0,0,0,0,158,0,0,0,42,2,0,0,0,0,0
333,0,0,0,0,4,0,0,4,260,0,0,0,68,8,0,0,0,0,4
29,0,0,0,0,0,0,0,0,30,0,0,0,0,0,0,0,0,0,0
154,0,0,0,0,5,0,0,5,122,0,0,0,30,7,0,0,0,0,5
46,0,0,0,0,0,0,0,0,47,0,0,0,0,0,0,0,0,0,0
313,0,0,0,0,0,0,0,0,279,0,0,0,32,0,0,0,0,0,0
45,0,0,0,0,0,0,0,0,46,0,0,0,0,0,0,0,0,0,0
4,0,0,0,0,0,0,0,0,5,0,0,0,0,0,0,0,0,0,0
564,0,0,0,0,4,0,0,4,462,0,0,0,65,36,0,0,0,0,4
437,0,0,0,0,5,0,0,5,379,0,0,0,30,21,0,0,0,0,5
98,0,0,0,0,0,0,0,0,96,0,0,0,2,0,0,0,0,0,0
439,0,0,0,0,7,0,0,7,275,0,0,0,96,68,0,0,0,0,7
184,0,0,0,0,9,0,0,9,168,0,0,0,14,11,0,0,0,0,9
21,0,0,0,0,0,0,0,0,20,0,0,0,0,2,0,0,0,0,0
24,0,0,0,0,0,0,0,0,22,0,0,0,0,3,0,0,0,0,0
328,0,0,0,0,7,0,0,7,258,0,0,0,42,34,0,0,0,0,7
1028,0,0,0,0,0,0,0,0,808,0,0,0,176,36,0,0,0,0,0
282,0,0,0,0,2,0,0,2,240,0,0,0,6,36,0,0,0,0,2
206,0,0,0,0,0,0,0,0,164,0,0,0,36,0,0,0,0,0,0
36,0,0,0,0,0,0,0,0,37,0,0,0,0,0,0,0,0,0,0
47,0,0,0,0,1,0,0,1,47,0,0,0,1,1,0,0,0,0,1
1498,0,36,0,0,11,0,0,11,951,0,0,0,471,12,0,0,0,1,11
113,0,7,0,0,4,0,0,4,104,0,0,0,14,4,0,0,0,0,4
206,0,0,0,0,0,0,0,0,166,0,0,0,35,2,0,0,0,0,0
703,0,0,0,0,3,0,0,3,540,0,0,0,132,20,0,0,0,0,3
126,0,7,0,0,5,0,0,5,114,0,0,0,18,5,0,0,0,0,5
566,0,0,0,0,1,0,0,1,443,0,0,0,109,1,0,0,0,0,1
834,0,0,0,0,14,0,0,14,678,0,0,0,66,98,0,0,0,0,14
105,0,0,0,0,0,0,0,0,85,0,0,0,13,5,0,0,0,0,0
144,0,0,0,0,1,0,0,1,125,0,0,0,19,1,0,0,0,0,1
213,0,0,0,0,0,0,0,0,150,0,0,0,57,0,0,0,0,0,0
21,0,0,0,0,0,0,0,0,21,0,0,0,0,1,0,0,0,0,0
1108,0,0,0,0,3,0,0,3,775,0,0,0,213,66,0,0,0,0,3
687,0,0,0,0,6,0,0,6,502,0,0,0,99,81,0,0,0,0,6
233,0,0,0,0,8,0,0,8,222,0,0,0,10,8,0,0,0,0,8
387,0,0,0,0,3,0,0,3,303,0,0,0,67,3,0,0,0,0,3
372,0,0,0,0,5,0,0,5,288,0,0,0,61,9,0,0,0,0,5
228,0,24,0,0,5,0,0,5,228,0,0,0,23,5,0,0,0,0,5
325,0,0,0,0,1,0,0,1,275,0,0,0,36,5,0,0,0,0,1
123,0,0,0,0,3,0,0,3,109,0,0,0,11,5,0,0,0,0,3
466,0,0,0,0,18,0,0,18,392,0,0,0,48,8,0,0,0,0,18
170,0,0,0,0,2,0,0,2,139,0,0,0,26,2,0,0,0,0,2
843,0,25,0,0,21,0,0,21,692,0,0,0,137,45,0,0,0,0,21
122,0,0,0,0,0,0,0,0,104,0,0,0,10,0,0,0,0,0,0
76,0,0,0,0,1,0,0,1,76,0,0,0,1,1,0,0,0,0,1
1847,0,41,0,0,5,0,0,5,1359,0,0,0,471,30,0,0,0,0,5
35,0,0,0,0,0,0,0,0,35,0,0,0,1,0,0,0,0,0,0
528,0,9,0,0,23,0,0,23,414,0,0,0,117,17,0,0,0,0,23
374,0,0,0,0,0,0,0,0,205,0,0,0,68,94,0,0,0,0,0
118,0,0,0,0,0,0,0,0,116,0,0,0,3,0,0,0,0,0,0
290,0,27,0,0,2,0,0,2,271,0,0,0,33,13,0,0,0,0,2
236,0,0,0,0,1,0,0,1,197,0,0,0,18,14,0,0,0,0,1
601,0,22,0,0,9,0,0,9,406,0,0,0,108,56,0,0,0,0,9
20,0,0,0,0,0,0,0,0,20,0,0,0,2,8,0,0,1,0,0
536,0,19,0,0,7,0,0,7,427,0,0,0,111,18,0,0,0,0,7
143,0,0,0,0,0,0,0,0,110,0,0,0,30,0,0,0,0,0,0
108,0,7,0,0,4,0,0,4,89,0,0,0,19,11,0,0,0,0,4
236,0,0,0,0,0,0,0,0,187,0,0,0,41,2,0,0,0,0,0
234,0,0,0,0,0,0,0,0,186,0,0,0,38,2,0,0,0,0,0
705,0,0,0,0,16,0,0,16,328,0,0,0,140,230,0,0,0,0,16
174,0,0,0,0,4,0,0,4,162,0,0,0,10,4,0,0,0,0,4
408,0,0,0,0,2,0,0,2,319,0,0,0,82,5,0,0,0,0,2
135,0,0,0,0,0,0,0,0,93,0,0,0,32,5,0,0,0,0,0
1534,0,0,0,0,22,0,0,22,848,0,0,0,415,224,0,0,0,0,22
302,0,0,0,0,1,0,0,1,228,0,0,0,65,3,0,0,0,0,1
0,0,0,0,0,0,0,0,0,1,0,0,0,0,0,0,0,0,0,0
246,0,0,0,0,1,0,0,1,201,0,0,0,36,3,0,0,0,0,1
169,0,0,0,0,1,0,0,1,162,0,0,0,6,1,0,0,0,0,1
154,0,0,0,0,0,0,0,0,115,0,0,0,17,19,0,0,0,0,0
239,0,0,0,0,0,0,0,0,159,0,0,0,77,0,0,0,0,0,0
492,0,0,0,0,12,0,0,12,468,0,0,0,21,8,0,0,0,0,12
155,0,0,0,0,4,0,0,4,122,0,0,0,30,6,0,0,0,0,4
109,0,0,0,0,0,0,0,0,108,0,0,0,1,1,0,0,0,0,0
2146,0,40,0,0,27,0,0,27,1243,0,0,0,652,287,0,0,0,0,27
61,0,0,0,0,2,0,0,2,52,0,0,0,8,2,0,0,0,0,2
152,0,9,0,0,5,0,0,5,134,0,0,0,18,15,0,0,0,0,5
233,0,0,0,0,1,0,0,1,184,0,0,0,42,1,0,0,0,0,1
830,0,0,0,0,4,0,0,4,586,0,0,0,197,37,0,0,0,0,4
235,0,0,0,0,6,0,0,6,198,0,0,0,21,21,0,0,0,0,6
171,0,0,0,0,2,0,0,2,155,0,0,0,16,2,0,0,0,0,2
552,0,0,0,0,6,0,0,6,336,0,0,0,95,119,0,0,0,0,6
76,0,0,0,0,1,0,0,1,76,0,0,0,1,1,0,0,0,0,1
141,0,5,0,0,0,0,0,0,126,0,0,0,14,5,0,0,0,0,0
47,0,0,0,0,0,0,0,0,40,0,0,0,7,0,0,0,0,0,0
218,0,12,0,0,0,0,0,0,185,0,0,0,10,36,0,0,0,0,0
92,0,0,0,0,0,0,0,0,68,0,0,0,23,0,0,0,0,0,0
19,0,0,0,0,0,0,0,0,20,0,0,0,0,0,0,0,0,0,0
192,0,0,0,0,0,0,0,0,153,0,0,0,32,2,0,0,0,0,0
203,0,0,0,0,0,0,0,0,157,0,0,0,42,2,0,0,0,0,0
839,0,0,0,0,10,0,0,10,601,0,0,0,130,111,0,0,0,0,10
275,0,0,0,0,1,0,0,1,202,0,0,0,36,38,0,0,0,0,1
144,0,0,0,0,1,0,0,1,119,0,0,0,12,12,0,0,0,0,1
159,0,0,0,0,1,0,0,1,142,0,0,0,17,1,0,0,0,0,1
276,0,0,0,0,2,0,0,2,200,0,0,0,36,34,0,0,0,0,2
664,0,0,0,0,18,0,0,18,541,0,0,0,97,35,0,0,0,0,18
299,0,0,0,0,2,0,0,2,259,0,0,0,38,2,0,0,0,0,2
32,0,0,0,0,0,0,0,0,33,0,0,0,0,0,0,0,0,0,0
321,0,0,0,0,2,0,0,2,272,0,0,0,32,9,0,0,0,0,2
90,0,0,0,0,5,0,0,5,72,0,0,0,18,5,0,0,0,0,5
686,0,9,0,0,8,0,0,8,478,0,0,0,97,117,0,0,0,0,8
206,0,14,0,0,2,0,0,2,179,0,0,0,18,23,0,0,0,1,2
236,0,0,0,0,1,0,0,1,195,0,0,0,33,1,0,0,0,0,1
192,0,0,0,0,4,0,0,4,154,0,0,0,32,6,0,0,0,0,4
235,0,0,0,0,0,0,0,0,189,0,0,0,37,2,0,0,0,0,0
592,0,39,0,0,6,0,0,6,533,0,0,0,67,7,0,0,0,0,6
459,0,0,0,0,2,0,0,2,379,0,0,0,51,20,0,0,0,0,2
504,0,0,0,0,0,0,0,0,331,0,0,0,164,0,0,0,0,0,0
156,0,0,0,0,4,0,0,4,127,0,0,0,27,6,0,0,0,0,4
547,0,0,0,0,3,0,0,3,341,0,0,0,136,44,0,0,0,0,3
572,0,0,0,0,12,0,0,12,505,0,0,0,61,13,0,0,0,0,12
153,0,0,0,0,1,0,0,1,141,0,0,0,5,4,0,0,0,0,1
421,0,0,0,0,13,0,0,13,342,0,0,0,71,16,1,0,0,0,13
0,0,0,0,0,0,0,0,0,1,0,0,0,0,0,0,0,0,0,0
69,0,0,0,0,0,0,0,0,66,0,0,0,4,0,0,0,0,0,0
154,0,0,0,0,0,0,0,0,123,0,0,0,32,0,0,0,0,0,0
262,0,0,0,0,2,0,0,2,227,0,0,0,13,13,0,0,0,0,2
616,0,31,0,0,8,0,0,8,495,0,0,0,117,24,0,0,0,0,8
91,0,0,0,0,1,0,0,1,84,0,0,0,0,8,0,0,0,0,1
222,0,0,0,0,0,0,0,0,161,0,0,0,55,0,0,0,0,0,0
216,0,0,0,0,0,0,0,0,151,0,0,0,59,0,0,0,0,0,0
71,0,0,0,0,2,0,0,2,69,0,0,0,3,2,0,0,0,0,2
216,0,7,0,0,4,0,0,4,181,0,0,0,23,17,0,0,0,0,4
226,0,0,0,0,1,0,0,1,190,0,0,0,36,1,0,0,0,0,1
69,0,0,0,0,0,0,0,0,66,0,0,0,4,0,0,0,0,0,0
189,0,0,0,0,2,0,0,2,128,0,0,0,54,3,0,0,0,0,2
72,0,0,0,0,2,0,0,2,37,0,0,0,7,30,0,0,0,0,2
373,0,0,0,0,0,0,0,0,297,0,0,0,71,2,0,0,0,0,0
1196,0,8,0,0,18,0,0,18,829,0,0,0,294,80,0,0,0,0,18
245,0,0,0,0,5,0,0,5,234,0,0,0,7,8,0,0,0,0,5
1498,0,0,0,0,26,0,0,26,957,0,0,0,367,181,0,0,0,0,26
192,0,0,0,0,3,0,0,3,141,0,0,0,25,27,0,0,0,0,3
168,0,0,0,0,4,0,0,4,111,0,0,0,53,4,0,0,0,0,4
414,0,35,0,0,6,0,0,6,311,0,0,0,88,48,0,0,0,0,6
894,0,0,0,0,1,0,0,1,631,0,0,0,212,23,0,0,0,0,1
279,0,0,0,0,0,0,0,0,216,0,0,0,47,11,0,0,0,0,0
554,0,0,0,0,10,0,0,10,253,0,0,0,202,30,0,0,0,0,10
226,0,0,0,0,1,0,0,1,177,0,0,0,44,1,0,0,0,0,1
61,0,0,0,0,2,0,0,2,52,0,0,0,9,2,0,0,0,0,2
480,0,0,0,0,7,0,0,7,420,0,0,0,46,17,0,0,0,0,7
155,0,0,0,0,1,0,0,1,145,0,0,0,1,1,0,0,0,0,1
1130,0,45,0,0,1,0,0,1,688,0,0,0,229,158,0,0,0,0,1
317,0,0,0,0,7,0,0,7,232,0,0,0,41,49,0,0,0,0,7
218,0,0,0,0,0,0,0,0,216,0,0,0,3,0,0,0,0,0,0
399,0,19,0,0,3,0,0,3,346,0,0,0,66,4,0,0,0,0,3
290,0,0,0,0,1,0,0,1,236,0,0,0,35,17,0,0,0,0,1
56,0,0,0,0,0,0,0,0,38,0,0,0,19,0,0,0,0,0,0
17,0,0,0,0,0,0,0,0,18,0,0,0,0,0,0,0,0,0,0
128,0,0,0,0,0,0,0,0,95,0,0,0,33,0,0,0,0,0,0
269,0,0,0,0,0,0,0,0,170,0,0,0,99,0,0,0,0,0,0
1074,0,0,0,0,3,0,0,3,872,0,0,0,155,19,0,0,0,0,3
16,0,0,0,0,0,0,0,0,17,0,0,0,0,0,0,0,0,0,0
159,0,0,0,0,0,0,0,0,120,0,0,0,31,2,0,0,0,0,0
269,0,20,0,0,2,0,0,2,183,0,0,0,67,29,0,0,0,0,2
190,0,2,0,0,8,0,0,8,175,0,0,0,13,8,0,0,0,0,8
205,0,0,0,0,3,0,0,3,188,0,0,0,15,3,0,0,0,0,3
689,0,14,0,0,4,0,0,4,566,0,0,0,102,16,0,0,0,0,4
152,0,0,0,0,1,0,0,1,142,0,0,0,2,8,0,0,0,0,1
377,0,0,0,0,1,0,0,1,291,0,0,0,75,7,0,0,0,0,1
328,0,0,0,0,1,0,0,1,233,0,0,0,94,1,0,0,0,0,1
92,0,0,0,0,0,0,0,0,64,0,0,0,0,28,0,0,0,0,0
741,0,0,0,0,7,0,0,7,522,0,0,0,108,107,0,0,0,0,7
8,0,0,0,0,0,0,0,0,9,0,0,0,0,0,0,0,0,0,0
1140,0,48,0,0,9,0,0,9,772,0,0,0,323,27,0,0,0,0,9
317,0,0,0,0,0,0,0,0,251,0,0,0,32,16,0,0,0,0,0
314,0,23,0,0,5,0,0,5,266,0,0,0,46,9,0,0,0,0,5
1007,0,10,0,0,23,0,0,23,810,0,0,0,183,23,0,0,0,0,23
105,0,0,0,0,2,0,0,2,90,0,0,0,10,2,0,0,0,0,2
34,0,0,0,0,0,0,0,0,27,0,0,0,6,0,0,0,0,0,0
56,0,0,0,0,0,0,0,0,38,0,0,0,18,0,0,0,0,0,0
128,0,0,0,0,0,0,0,0,92,0,0,0,2,34,0,0,0,0,0
174,0,0,0,0,0,0,0,0,136,0,0,0,38,0,0,0,0,0,0
287,0,0,0,0,1,0,0,1,212,0,0,0,43,32,0,0,0,0,1
324,0,0,0,0,0,0,0,0,256,0,0,0,65,2,0,0,0,0,0
161,0,0,0,0,1,0,0,1,149,0,0,0,5,7,0,0,0,0,1
1164,0,22,0,0,2,0,0,2,583,0,0,0,231,359,0,0,0,0,2
202,0,8,0,0,4,0,0,4,170,0,0,0,29,11,0,0,0,0,4
207,0,0,0,0,2,0,0,2,139,0,0,0,15,52,0,0,0,0,2
381,0,0,0,0,0,0,0,0,233,0,0,0,140,0,0,0,0,0,0
189,0,0,0,0,1,0,0,1,145,0,0,0,37,1,0,0,0,0,1
207,0,0,0,0,0,0,0,0,187,0,0,0,9,8,0,0,1,0,0
25,0,0,0,0,0,0,0,0,26,0,0,0,0,0,0,0,0,0,0
127,0,0,0,0,0,0,0,0,93,0,0,0,31,0,0,0,0,0,0
172,0,0,0,0,1,0,0,1,131,0,0,0,31,8,0,0,0,0,1
308,0,0,0,0,2,0,0,2,250,0,0,0,46,3,0,0,0,0,2
213,0,0,0,0,1,0,0,1,191,0,0,0,19,4,0,0,0,0,1
299,0,0,0,0,1,0,0,1,257,0,0,0,23,20,0,0,0,0,1
254,0,0,0,0,0,0,0,0,215,0,0,0,32,0,0,0,0,0,0
274,0,0,0,0,2,0,0,2,202,0,0,0,57,5,0,0,0,0,2
109,0,9,0,0,1,0,0,1,102,0,0,0,6,10,0,0,0,0,1
252,0,3,0,0,7,0,0,7,227,0,0,0,26,7,0,0,0,0,7
326,0,0,0,0,7,0,0,7,283,0,0,0,44,7,0,0,0,0,7
785,0,0,0,0,13,0,0,13,609,0,0,0,166,12,0,0,0,0,13
329,0,0,0,0,0,0,0,0,224,0,0,0,24,79,0,0,0,0,0
288,0,0,0,0,2,0,0,2,238,0,0,0,46,2,0,0,0,0,2
121,0,0,0,0,2,0,0,2,119,0,0,0,1,2,0,0,0,0,2
489,0,46,0,0,8,0,0,8,368,0,0,0,54,110,0,0,0,0,8
439,0,0,0,0,0,0,0,0,371,0,0,0,64,4,0,0,0,0,0
197,0,0,0,0,1,0,0,1,157,0,0,0,37,1,0,0,0,0,1
238,0,0,0,0,5,0,0,5,184,0,0,0,34,21,0,0,0,0,5
166,0,0,0,0,0,0,0,0,124,0,0,0,41,0,0,0,0,0,0
290,0,13,0,0,2,0,0,2,258,0,0,0,29,15,0,0,0,1,2
341,0,0,0,0,1,0,0,1,219,0,0,0,105,18,0,0,0,0,1
329,0,0,0,0,0,0,0,0,271,0,0,0,31,18,0,0,0,0,0
324,0,0,0,0,0,0,0,0,252,0,0,0,66,2,0,0,0,0,0
293,0,0,0,0,4,0,0,4,243,0,0,0,14,40,0,0,0,0,4
118,0,0,0,0,4,0,0,4,113,0,0,0,3,4,0,0,0,0,4
283,0,12,0,0,3,0,0,3,252,0,0,0,30,15,0,0,0,1,3
1758,0,38,0,0,4,0,0,4,1165,0,0,0,386,146,0,0,0,0,4
230,0,0,0,0,0,0,0,0,186,0,0,0,40,0,0,0,0,0,0
517,0,0,0,0,6,0,0,6,450,0,0,0,41,24,0,0,0,0,6
566,0,0,0,0,4,0,0,4,259,0,0,0,97,205,0,0,0,0,4
303,0,0,0,0,4,0,0,4,243,0,0,0,55,6,0,0,0,0,4
440,0,0,0,0,3,0,0,3,337,0,0,0,36,68,0,0,0,0,3
211,0,5,0,0,0,0,0,0,199,0,0,0,12,3,0,0,0,0,0
228,0,0,0,0,1,0,0,1,180,0,0,0,28,13,0,0,0,0,1
229,0,0,0,0,0,0,0,0,178,0,0,0,38,9,0,0,0,0,0
210,0,0,0,0,0,0,0,0,149,0,0,0,56,1,0,0,0,0,0
339,0,0,0,0,3,0,0,3,300,0,0,0,37,3,0,0,0,0,3
315,0,23,0,0,5,0,0,5,267,0,0,0,46,9,0,0,0,0,5
226,0,0,0,0,1,0,0,1,183,0,0,0,38,3,0,0,0,0,1
592,0,0,0,0,11,0,0,11,429,0,0,0,138,31,0,0,0,0,11
160,0,0,0,0,0,0,0,0,120,0,0,0,32,2,0,0,0,0,0
333,0,1,0,0,12,0,0,12,279,0,0,0,55,9,0,0,0,0,12
87,0,7,0,0,0,0,0,0,91,0,0,0,3,0,0,0,0,0,0
22,0,0,0,0,0,0,0,0,12,0,0,0,2,9,0,0,0,0,0
322,0,0,0,0,2,0,0,2,285,0,0,0,16,14,0,0,0,0,2
352,0,1,0,0,7,0,0,7,234,0,0,0,54,56,0,0,0,0,7
236,0,0,0,0,1,0,0,1,197,0,0,0,18,14,0,0,0,0,1
161,0,0,0,0,2,0,0,2,143,0,0,0,9,9,0,0,0,0,2
141,0,0,0,0,0,0,0,0,134,0,0,0,23,8,0,0,1,0,0
164,0,0,0,0,4,0,0,4,136,0,0,0,23,4,0,0,0,0,4
312,0,0,0,0,13,0,0,13,230,0,0,0,38,56,0,0,0,0,13
179,0,0,0,0,2,0,0,2,165,0,0,0,1,10,0,0,0,0,2
115,0,0,0,0,0,0,0,0,80,0,0,0,32,1,0,0,0,0,0
670,0,0,0,0,31,0,0,31,478,0,0,0,143,61,1,0,0,0,31
110,0,0,0,0,1,0,1,0,104,0,0,0,1,7,0,0,0,0,1
295,0,0,0,0,2,0,0,2,255,0,0,0,36,2,0,0,0,0,2
605,0,0,0,0,2,0,0,2,362,0,0,0,166,53,0,0,0,0,2
343,0,0,0,0,3,0,0,3,318,0,0,0,12,3,0,0,0,0,3
52,0,0,0,0,2,0,0,2,52,0,0,0,1,2,0,0,0,0,2
1236,0,8,0,0,33,0,0,33,945,0,0,0,272,37,0,0,0,0,33
132,0,4,0,0,1,0,0,1,121,0,0,0,12,5,0,0,0,0,1
478,0,0,0,0,4,0,0,4,361,0,0,0,67,43,0,0,0,0,4
445,0,0,0,0,5,0,0,5,307,0,0,0,64,69,0,0,0,0,5
297,0,18,0,0,6,0,0,6,282,0,0,0,22,16,0,0,0,0,6
217,0,0,0,0,0,0,0,0,149,0,0,0,62,0,0,0,0,0,0
1044,0,0,0,0,12,0,0,12,731,0,0,0,224,74,0,0,0,0,12
285,0,12,0,0,2,0,0,2,253,0,0,0,29,14,0,0,0,1,2
35,0,0,0,0,0,0,0,0,36,0,0,0,0,0,0,0,0,0,0
327,0,0,0,0,9,0,0,9,280,0,0,0,30,14,0,0,0,0,9
524,0,0,0,0,8,0,0,8,370,0,0,0,93,54,0,0,0,0,8
80,0,0,0,0,0,0,0,0,64,0,0,0,1,16,0,0,0,0,0
213,0,0,0,0,7,0,0,7,190,0,0,0,11,7,0,0,0,0,7
563,0,10,0,0,2,0,0,2,437,0,0,0,51,81,0,0,0,0,2
59,0,0,0,0,0,0,0,0,51,0,0,0,1,8,0,0,0,0,0
176,0,0,0,0,0,0,0,0,134,0,0,0,34,4,0,0,0,0,0
699,0,0,0,0,5,0,0,5,460,0,0,0,192,40,0,0,0,0,5
118,0,0,0,0,0,0,0,0,83,0,0,0,34,0,0,0,0,0,0
224,0,0,0,0,0,0,0,0,156,0,0,0,60,0,0,0,0,0,0
704,0,0,0,0,2,0,0,2,658,0,0,0,33,10,0,0,0,0,2
556,0,0,0,0,3,0,0,3,220,0,0,0,317,19,0,0,0,0,3
226,0,0,0,0,0,0,0,0,182,0,0,0,38,0,0,0,0,0,0
166,0,12,0,0,2,0,0,2,171,0,0,0,5,2,0,0,0,0,2
190,0,0,0,0,0,0,0,0,138,0,0,0,44,0,0,0,0,0,0
23,0,0,0,0,0,0,0,0,24,0,0,0,0,0,0,0,0,0,0
113,0,1,0,0,0,0,0,0,96,0,0,0,18,0,0,0,0,0,0
64,0,0,0,0,0,0,0,0,65,0,0,0,0,0,0,0,0,0,0
736,0,0,0,0,7,0,0,7,561,0,0,0,159,10,0,0,0,0,7
644,0,0,0,0,17,0,0,17,386,0,0,0,161,104,0,0,0,0,17
221,0,15,0,0,1,0,0,1,185,0,0,0,13,38,0,0,0,0,1
330,0,0,0,0,1,0,0,1,262,0,0,0,59,3,0,0,0,0,1
665,0,0,0,0,4,0,0,4,438,0,0,0,185,28,0,0,0,0,4
903,0,0,0,0,1,0,0,1,633,0,0,0,220,23,0,0,0,0,1
22,0,0,0,0,0,0,0,0,23,0,0,0,0,0,0,0,0,0,0
77,0,0,0,0,1,0,0,1,78,0,0,0,0,1,0,0,0,0,1
99,0,0,0,0,0,0,0,0,88,0,0,0,6,0,0,0,0,0,0
103,0,0,0,0,2,0,0,2,101,0,0,0,1,4,0,0,0,0,2
31,0,0,0,0,0,0,0,0,29,0,0,0,2,0,0,0,0,0,0
217,0,0,0,0,0,0,0,0,178,0,0,0,39,0,0,0,0,0,0
256,0,0,0,0,2,0,0,2,206,0,0,0,33,15,0,0,0,0,2
741,0,0,0,0,11,0,0,11,658,0,0,0,54,9,0,0,0,0,11
76,0,0,0,0,0,0,0,0,72,0,0,0,1,2,0,0,0,0,0
41,0,0,0,0,0,0,0,0,42,0,0,0,0,0,0,0,0,0,0
11,0,0,0,0,0,0,0,0,12,0,0,0,0,0,0,0,0,0,0
314,0,23,0,0,5,0,0,5,267,0,0,0,46,9,0,0,0,0,5
222,0,0,0,0,1,0,0,1,182,0,0,0,33,3,0,0,0,0,1
135,0,0,0,0,4,0,0,4,99,0,0,0,33,4,0,0,0,0,4
161,0,15,0,0,2,0,0,2,129,0,0,0,19,25,0,0,0,0,2
62,0,0,0,0,1,0,0,1,53,0,0,0,9,1,0,0,0,0,1
224,0,0,0,0,8,0,0,8,221,0,0,0,3,8,0,0,0,0,8
222,0,0,0,0,0,0,0,0,162,0,0,0,51,0,0,0,0,0,0
292,0,0,0,0,3,0,0,3,229,0,0,0,48,18,0,0,0,0,3
200,0,0,0,0,1,0,0,1,156,0,0,0,34,8,0,0,0,0,1
49,0,0,0,0,0,0,0,0,46,0,0,0,2,0,0,0,0,0,0
670,0,0,0,0,2,0,0,2,406,0,0,0,226,33,0,0,0,0,2
349,0,0,0,0,1,0,0,1,214,0,0,0,58,62,0,0,0,0,1
136,0,0,0,0,1,0,0,1,101,0,0,0,34,1,0,0,0,0,1
118,0,0,0,0,0,0,0,0,118,0,0,0,1,0,0,0,0,0,0
158,0,5,0,0,4,0,0,4,131,0,0,0,30,4,0,0,0,0,4
144,0,0,0,0,1,0,0,1,125,0,0,0,11,9,0,0,0,0,1
172,0,0,0,0,1,0,0,1,126,0,0,0,32,9,0,0,0,0,1
663,0,0,0,0,0,0,0,0,419,0,0,0,216,12,0,0,0,0,0
565,0,0,0,0,6,0,0,6,492,0,0,0,57,6,0,0,0,0,6
20,0,2,0,0,0,0,0,0,21,0,0,0,0,2,0,0,0,0,0
448,0,0,0,0,0,0,0,0,300,0,0,0,35,104,0,0,0,0,0
193,0,0,0,0,0,0,0,0,154,0,0,0,35,0,0,0,0,0,0
423,0,0,0,0,2,0,0,2,338,0,0,0,47,37,0,0,0,0,2
249,0,0,0,0,0,0,0,0,212,0,0,0,31,1,0,0,0,0,0
176,0,7,0,0,9,0,0,9,123,0,0,0,28,39,0,0,0,1,9
243,0,13,0,0,7,0,0,7,234,0,0,0,6,17,0,0,0,0,7
93,0,0,0,0,2,0,0,2,72,0,0,0,20,2,0,0,0,0,2
229,0,0,0,0,1,0,0,1,193,0,0,0,30,1,0,0,0,0,1
291,0,20,0,0,1,0,0,1,287,0,0,0,15,1,0,0,0,0,1
193,0,0,0,0,4,0,0,4,156,0,0,0,32,6,0,0,0,0,4
241,0,0,0,0,0,0,0,0,191,0,0,0,43,2,0,0,0,0,0
129,0,0,0,0,0,0,0,0,122,0,0,0,4,0,0,0,0,0,0
21,0,0,0,0,0,0,0,0,22,0,0,0,0,0,0,0,0,0,0
91,0,0,0,0,1,0,0,1,90,0,0,0,0,1,0,0,0,0,1
637,0,0,0,0,8,0,0,8,526,0,0,0,76,34,0,0,0,2,8
209,0,0,0,0,1,0,0,1,166,0,0,0,39,1,0,0,0,0,1
319,0,0,0,0,0,0,0,0,283,0,0,0,12,15,0,0,0,0,0
234,0,0,0,0,0,0,0,0,189,0,0,0,37,2,0,0,0,0,0
1223,0,0,0,0,19,0,0,19,796,0,0,0,330,93,0,0,0,0,19
180,0,0,0,0,0,0,0,0,163,0,0,0,18,0,0,0,0,0,0
209,0,0,0,0,1,0,0,1,172,0,0,0,34,1,0,0,0,0,1
1561,0,56,0,0,17,0,0,17,1125,0,0,0,290,176,0,0,0,0,17
236,0,0,0,0,0,0,0,0,189,0,0,0,39,2,0,0,0,0,0
314,0,23,0,0,5,0,0,5,267,0,0,0,45,9,0,0,0,0,5
337,0,0,0,0,2,0,0,2,281,0,0,0,51,2,0,0,0,0,2
280,0,0,0,0,1,0,0,1,220,0,0,0,41,11,0,0,0,0,1
216,0,16,0,0,5,0,0,5,213,0,0,0,13,6,0,0,0,0,5
982,0,30,0,0,6,0,0,6,815,0,0,0,146,31,1,0,0,0,6
107,0,0,0,0,1,0,0,1,104,0,0,0,3,2,0,0,0,0,1
39,0,0,0,0,0,0,0,0,40,0,0,0,5,8,0,0,1,0,0
263,0,0,0,0,0,0,0,0,211,0,0,0,41,6,0,0,0,0,0
88,0,0,0,0,1,0,0,1,87,0,0,0,2,1,0,0,0,0,1
20,0,0,0,0,0,0,0,0,20,0,0,0,2,8,0,0,1,0,0
190,0,0,0,0,2,0,0,2,131,0,0,0,50,3,0,0,0,0,2
284,0,0,0,0,4,0,0,4,247,0,0,0,12,27,0,0,0,0,4
187,0,0,0,0,0,0,0,0,181,0,0,0,6,0,0,0,0,0,0
122,0,0,0,0,0,0,0,0,90,0,0,0,30,0,0,0,0,0,0
35,0,1,0,0,0,0,0,0,37,0,0,0,0,0,0,0,0,0,0
612,0,0,0,0,1,0,0,1,479,0,0,0,90,32,0,0,0,0,1
234,0,0,0,0,0,0,0,0,189,0,0,0,37,2,0,0,0,0,0
640,0,0,0,0,14,0,0,14,520,0,0,0,66,65,0,0,0,0,14
196,0,0,0,0,5,0,0,5,169,0,0,0,21,10,0,0,0,0,5
830,0,0,0,0,0,0,0,0,556,0,0,0,220,72,0,0,1,0,0
548,0,0,0,0,9,0,0,9,489,0,0,0,51,8,0,0,0,0,9
31,0,0,0,0,0,0,0,0,29,0,0,0,2,0,0,0,0,0,0
214,0,0,0,0,0,0,0,0,186,0,0,0,11,9,0,0,0,0,0
33,0,0,0,0,0,0,0,0,34,0,0,0,0,0,0,0,0,0,0
254,0,0,0,0,1,0,0,1,196,0,0,0,50,5,0,0,0,0,1
547,0,0,0,0,1,0,0,1,422,0,0,0,78,30,0,0,0,0,1
374,0,0,0,0,11,0,0,11,280,0,0,0,85,12,0,0,0,0,11
388,0,0,0,0,1,0,0,1,341,0,0,0,40,3,0,0,0,1,1
995,0,0,0,0,14,0,0,14,599,0,0,0,286,110,0,0,0,0,14
405,0,0,0,0,2,0,0,2,341,0,0,0,44,17,0,0,0,0,2
1622,0,0,0,0,21,0,0,21,919,0,0,0,422,224,0,0,0,0,21
100,0,0,0,0,2,0,0,2,94,0,0,0,7,2,0,0,0,0,2
265,0,5,0,0,4,0,0,4,230,0,0,0,38,4,0,0,0,0,4
130,0,0,0,0,0,0,0,0,109,0,0,0,20,0,0,0,0,0,0
296,0,0,0,0,0,0,0,0,243,0,0,0,29,12,0,0,0,0,0
150,0,0,0,0,0,0,0,0,112,0,0,0,32,0,0,0,0,0,0
145,0,0,0,0,3,0,0,3,113,0,0,0,28,5,0,0,0,0,3
105,0,0,0,0,1,0,0,1,94,0,0,0,3,8,0,0,0,0,1
131,0,0,0,0,1,0,0,1,108,0,0,0,19,3,0,0,0,0,1
636,0,0,0,0,11,0,0,11,507,0,0,0,48,91,0,0,0,0,11
632,0,0,0,0,1,0,0,1,442,0,0,0,84,102,0,0,0,0,1
567,0,0,0,0,14,0,0,14,378,0,0,0,125,60,0,0,0,0,14
244,0,0,0,0,3,0,0,3,214,0,0,0,25,3,0,0,0,0,3
173,0,0,0,0,0,0,0,0,136,0,0,0,36,0,0,0,0,0,0
199,0,0,0,0,0,0,0,0,155,0,0,0,40,2,0,0,0,0,0
211,0,4,0,0,5,0,0,5,196,0,0,0,18,5,0,0,0,0,5
344,0,28,0,0,8,0,0,8,328,0,0,0,36,8,0,0,0,0,8
202,0,19,0,0,7,0,0,7,202,0,0,0,20,7,0,0,0,0,7
455,0,0,0,0,2,0,0,2,369,0,0,0,53,31,0,0,0,0,2
226,0,0,0,0,3,0,0,3,198,0,0,0,25,7,0,0,0,0,3
605,0,0,0,0,21,0,0,21,502,0,0,0,70,17,0,0,0,0,21
133,0,0,0,0,0,0,0,0,61,0,0,0,37,0,0,0,0,0,0
582,0,0,0,0,6,0,0,6,508,0,0,0,50,6,0,0,0,0,6
88,0,0,0,0,0,0,0,0,73,0,0,0,1,15,0,0,0,0,0
292,0,10,0,0,3,0,0,3,258,0,0,0,26,16,0,0,0,0,3
216,0,0,0,0,0,0,0,0,173,0,0,0,39,2,0,0,0,0,0
441,0,0,0,0,11,0,0,11,383,0,0,0,38,30,0,0,0,0,11
251,0,16,0,0,5,0,0,5,230,0,0,0,33,5,0,0,0,0,5
234,0,0,0,0,0,0,0,0,189,0,0,0,36,2,0,0,0,0,0
379,0,21,0,0,2,0,0,2,258,0,0,0,83,50,0,0,0,0,2
512,0,0,0,0,3,0,0,3,378,0,0,0,92,10,0,0,0,0,3
87,0,0,0,0,0,0,0,0,87,0,0,0,1,0,0,0,0,0,0
70,0,0,0,0,0,0,0,0,70,0,0,0,1,0,0,0,0,0,0
240,0,0,0,0,0,0,0,0,191,0,0,0,42,2,0,0,0,0,0
215,0,13,0,0,5,0,0,5,192,0,0,0,30,5,0,0,0,0,5
31,0,0,0,0,0,0,0,0,32,0,0,0,0,0,0,0,0,0,0
310,0,0,0,0,1,0,0,1,256,0,0,0,12,41,0,0,0,0,1
838,0,0,0,0,21,0,0,21,691,0,0,0,70,63,0,0,0,0,21
115,0,0,0,0,3,0,0,3,83,0,0,0,4,28,0,0,0,0,3
339,0,15,0,0,5,0,0,5,304,0,0,0,41,7,0,0,0,0,5
172,0,0,0,0,1,0,0,1,131,0,0,0,31,8,0,0,0,0,1
17,0,0,0,0,0,0,0,0,18,0,0,0,0,0,0,0,0,0,0
212,0,7,0,0,0,0,0,0,192,0,0,0,19,7,0,0,0,0,0
695,0,8,0,0,11,0,0,11,529,0,0,0,159,8,0,0,0,0,11
223,0,0,0,0,1,0,0,1,182,0,0,0,35,3,0,0,0,0,1
394,0,0,0,0,6,0,0,6,326,0,0,0,30,34,0,0,0,0,6
255,0,0,0,0,0,0,0,0,218,0,0,0,38,0,0,0,0,0,0
1,0,0,0,0,0,0,0,0,3,0,0,0,29,2,0,0,0,0,0
434,0,0,0,0,5,0,0,5,316,0,0,0,83,37,0,0,0,0,5
219,0,0,0,0,1,0,0,1,178,0,0,0,34,3,0,0,0,0,1
751,0,0,0,0,5,0,0,5,576,0,0,0,117,12,0,0,0,0,5
190,0,0,0,0,0,0,0,0,152,0,0,0,34,2,0,0,0,0,0
79,0,0,0,0,0,0,0,0,63,0,0,0,1,16,0,0,0,0,0
261,0,21,0,0,8,0,0,8,248,0,0,0,20,13,0,0,0,0,8
338,0,2,0,0,0,0,0,0,273,0,0,0,49,10,0,0,0,0,0
60,0,0,0,0,1,0,0,1,60,0,0,0,1,1,0,0,0,0,1
194,0,0,0,0,1,0,0,1,149,0,0,0,38,1,0,0,0,0,1
738,0,0,0,0,9,0,0,9,487,0,0,0,143,114,0,0,0,0,9
156,0,0,0,0,4,0,0,4,127,0,0,0,26,6,0,0,0,0,4
293,0,0,0,0,2,0,0,2,240,0,0,0,48,2,0,0,0,0,2
156,0,0,0,0,0,0,0,0,129,0,0,0,11,8,0,0,0,0,0
339,0,0,0,0,2,0,0,2,209,0,0,0,52,63,0,0,0,0,2
349,0,0,0,0,1,0,0,1,214,0,0,0,58,62,0,0,0,0,1
573,0,0,0,0,5,0,0,5,423,0,0,0,62,81,0,0,0,0,5
905,0,3,0,0,5,0,0,5,807,0,0,0,73,22,0,0,0,0,5
453,0,0,0,0,16,0,0,16,408,0,0,0,38,15,0,0,0,0,16
331,0,0,0,0,2,0,0,2,317,0,0,0,8,4,0,0,0,0,2
187,0,0,0,0,0,0,0,0,155,0,0,0,30,0,0,0,0,0,0
169,0,17,0,0,2,0,0,2,163,0,0,0,13,11,0,0,0,0,2
51,0,0,0,0,0,0,0,0,50,0,0,0,1,1,0,0,0,0,0
477,0,0,0,0,1,0,0,1,419,0,0,0,26,10,1,0,0,0,1
1002,0,11,0,0,2,0,0,2,733,0,0,0,237,18,0,0,0,0,2
711,0,0,0,0,7,0,0,7,462,0,0,0,212,28,0,0,0,0,7
373,0,6,0,0,4,0,0,4,288,0,0,0,54,30,1,0,0,0,4
376,0,0,0,0,2,0,0,2,291,0,0,0,60,12,0,0,0,0,2
361,0,0,0,0,4,0,0,4,302,0,0,0,37,21,0,0,0,0,4
386,0,0,0,0,3,0,0,3,300,0,0,0,73,3,0,0,0,0,3
651,0,3,0,0,21,0,0,21,445,0,0,0,165,53,0,0,0,0,21
236,0,0,0,0,1,0,0,1,196,0,0,0,34,3,0,0,0,0,1
273,0,0,0,0,0,0,0,0,231,0,0,0,34,7,0,0,0,0,0
100,0,0,0,0,2,0,2,0,94,0,0,0,1,8,0,0,0,0,2
297,0,0,0,0,1,0,0,1,266,0,0,0,21,3,0,0,0,0,1
181,0,0,0,0,0,0,0,0,102,0,0,0,76,1,0,0,0,0,0
163,0,0,0,0,1,0,0,1,125,0,0,0,34,3,0,0,0,0,1
149,0,0,0,0,0,0,0,0,147,0,0,0,3,0,0,0,0,0,0
1692,0,0,0,0,1,0,0,1,1074,0,0,0,564,9,0,0,0,0,1
290,0,0,0,0,0,0,0,0,219,0,0,0,65,2,0,0,0,0,0
106,0,0,0,0,2,0,0,2,104,0,0,0,2,3,0,0,0,0,2
355,0,0,0,0,3,0,0,3,294,0,0,0,44,20,0,0,0,0,3
177,0,0,0,0,1,0,0,1,116,0,0,0,29,33,0,0,0,0,1
185,0,0,0,0,3,0,0,3,178,0,0,0,1,6,0,0,0,0,3
285,0,12,0,0,2,0,0,2,253,0,0,0,29,14,0,0,0,1,2
217,0,0,0,0,0,0,0,0,178,0,0,0,36,0,0,0,0,0,0
222,0,7,0,0,3,0,0,3,185,0,0,0,23,16,0,0,0,0,3
234,0,0,0,0,0,0,0,0,189,0,0,0,37,2,0,0,0,0,0
224,0,0,0,0,5,0,0,5,193,0,0,0,18,5,0,0,0,0,5
169,0,0,0,0,0,0,0,0,137,0,0,0,33,0,0,0,0,0,0
232,0,0,0,0,1,0,0,1,197,0,0,0,30,1,0,0,0,0,1
312,0,0,0,0,3,0,0,3,245,0,0,0,45,15,0,0,0,0,3
1237,0,11,0,0,23,0,0,23,996,0,0,0,171,70,0,0,0,0,23
212,0,0,0,0,1,0,0,1,173,0,0,0,36,1,0,0,0,0,1
334,0,0,0,0,3,0,0,3,235,0,0,0,45,51,0,0,0,0,3
102,0,0,0,0,1,0,0,1,101,0,0,0,0,1,0,0,0,0,1
236,0,0,0,0,0,0,0,0,189,0,0,0,39,2,0,0,0,0,0
524,0,9,0,0,6,0,0,6,485,0,0,0,36,14,0,0,0,0,6
265,0,0,0,0,2,0,0,2,210,0,0,0,45,2,0,0,0,0,2
21,0,0,0,0,0,0,0,0,22,0,0,0,0,0,0,0,0,0,0
419,0,0,0,0,1,0,0,1,328,0,0,0,87,1,0,0,0,0,1
226,0,12,0,0,4,0,0,4,191,0,0,0,27,15,0,0,0,0,4
306,0,0,0,0,2,0,0,2,265,0,0,0,36,2,0,0,0,0,2
143,0,0,0,0,0,0,0,0,102,0,0,0,23,18,0,0,0,0,0
222,0,0,0,0,1,0,0,1,182,0,0,0,33,3,0,0,0,0,1
226,0,0,0,0,1,0,0,1,183,0,0,0,38,3,0,0,0,0,1
223,0,0,0,0,1,0,0,1,182,0,0,0,34,3,0,0,0,0,1
645,0,0,0,0,7,0,0,7,395,0,0,0,232,10,0,0,0,0,7
307,0,20,0,0,8,0,0,8,267,0,0,0,32,27,0,0,0,1,8
17,0,0,0,0,0,0,0,0,18,0,0,0,0,0,0,0,0,0,0
238,0,3,0,0,1,0,0,1,203,0,0,0,19,13,0,0,0,0,1
39,0,0,0,0,0,0,0,0,40,0,0,0,0,0,0,0,0,0,0
293,0,0,0,0,2,0,0,2,258,0,0,0,29,2,0,0,0,0,2
165,0,0,0,0,4,0,0,4,136,0,0,0,25,4,0,0,0,0,4
568,0,0,0,0,11,0,0,11,421,0,0,0,142,11,0,0,0,0,11
1421,0,0,0,0,12,0,0,12,955,0,0,0,325,126,0,0,0,0,12
170,0,0,0,0,2,0,0,2,139,0,0,0,26,2,0,0,0,0,2
165,0,0,0,0,10,0,10,0,131,0,0,0,31,8,0,0,0,0,10
123,0,0,0,0,1,0,0,1,109,0,0,0,3,10,0,0,0,0,1
236,0,0,0,0,0,0,0,0,187,0,0,0,41,2,0,0,0,0,0
203,0,0,0,0,6,0,0,6,155,0,0,0,20,35,0,0,0,0,6
1092,0,0,0,0,23,0,0,23,877,0,0,0,159,41,0,0,0,1,23
783,0,28,0,0,16,0,0,16,656,0,0,0,140,21,0,0,0,1,16
207,0,0,0,0,2,0,0,2,173,0,0,0,14,19,0,0,0,0,2
455,0,0,0,0,0,0,0,0,343,0,0,0,104,1,0,0,0,0,0
124,0,7,0,0,5,0,0,5,113,0,0,0,16,5,0,0,0,0,5
160,0,0,0,0,0,0,0,0,129,0,0,0,22,7,0,0,0,0,0
325,0,23,0,0,3,0,0,3,270,0,0,0,55,7,0,0,0,0,3
539,0,0,0,0,1,0,0,1,359,0,0,0,60,103,0,0,0,0,1
192,0,0,0,0,0,0,0,0,141,0,0,0,2,0,0,0,0,0,0
218,0,0,0,0,6,0,0,6,148,0,0,0,31,33,0,0,0,0,6
341,0,0,0,0,0,0,0,0,223,0,0,0,91,27,0,0,0,0,0
199,0,0,0,0,1,0,0,1,152,0,0,0,46,1,0,0,0,0,1
900,0,0,0,0,3,0,0,3,651,0,0,0,138,66,0,0,0,0,3
986,0,0,0,0,10,0,0,10,615,0,0,0,233,121,0,0,0,0,10
681,0,24,0,0,15,0,0,15,497,0,0,0,150,26,0,0,0,0,15
381,0,0,0,0,8,0,0,8,264,0,0,0,59,61,0,0,0,0,8
282,0,0,0,0,4,0,0,4,178,0,0,0,27,78,0,0,0,0,4
410,0,0,0,0,4,0,0,4,326,0,0,0,25,55,0,0,0,0,4
170,0,0,0,0,2,0,0,2,139,0,0,0,26,2,0,0,0,0,2
57,0,0,0,0,1,0,0,1,58,0,0,0,0,1,0,0,0,0,1
106,0,0,0,0,0,0,0,0,106,0,0,0,1,0,0,0,0,0,0
109,0,0,0,0,1,0,0,1,96,0,0,0,9,1,0,0,0,0,1
343,0,0,0,0,3,0,0,3,318,0,0,0,12,3,0,0,0,0,3
298,0,0,0,0,13,0,0,13,280,0,0,0,13,18,0,0,0,0,13
191,0,0,0,0,0,0,0,0,153,0,0,0,30,2,0,0,0,0,0
120,0,0,0,0,2,0,0,2,118,0,0,0,2,2,0,0,0,0,2
343,0,0,0,0,9,0,0,9,257,0,0,0,76,8,0,0,0,0,9
869,0,0,0,0,9,0,0,9,611,0,0,0,183,77,0,0,0,0,9
37,0,0,0,0,0,0,0,0,38,0,0,0,0,0,0,0,0,0,0
780,0,0,0,0,4,0,0,4,517,0,0,0,133,105,0,0,0,0,4
588,0,0,0,0,4,0,0,4,477,0,0,0,79,28,0,0,0,2,4
169,0,0,0,0,1,0,0,1,130,0,0,0,29,8,0,0,0,0,1
1465,0,0,0,0,16,0,0,16,877,0,0,0,572,10,0,0,0,0,16
1064,0,50,0,0,10,0,0,10,856,0,0,0,235,22,0,0,0,0,10
123,0,0,0,0,0,0,0,0,85,0,0,0,44,18,0,0,0,0,0
41,0,0,0,0,0,0,0,0,41,0,0,0,0,1,0,0,0,0,0
102,0,0,0,0,1,0,0,1,96,0,0,0,3,4,0,0,0,0,1
550,0,0,0,0,1,0,0,1,395,0,0,0,49,75,0,0,0,0,1
165,0,0,0,0,0,0,0,0,124,0,0,0,36,2,0,0,0,0,0
118,0,0,0,0,0,0,0,0,116,0,0,0,3,0,0,0,0,0,0
218,0,0,0,0,1,0,0,1,180,0,0,0,31,3,0,0,0,0,1
203,0,0,0,0,1,0,0,1,168,0,0,0,31,1,0,0,0,0,1
646,0,0,0,0,9,0,0,9,507,0,0,0,85,29,0,0,0,0,9
1341,0,16,0,0,23,0,0,23,784,0,0,0,301,268,0,0,0,0,23
57,0,0,0,0,0,0,0,0,56,0,0,0,1,1,0,0,0,0,0
547,0,0,0,0,3,0,0,3,341,0,0,0,136,44,0,0,0,0,3
127,0,0,0,0,1,0,0,1,121,0,0,0,7,1,0,0,0,0,1
905,0,31,0,0,4,0,0,4,794,0,0,0,120,15,0,0,0,0,4
186,0,0,0,0,4,0,0,4,130,0,0,0,52,4,0,0,0,0,4
370,0,0,0,0,0,0,0,0,269,0,0,0,91,2,0,0,0,0,0
298,0,0,0,0,4,0,0,4,263,0,0,0,30,4,0,0,0,0,4
434,0,0,0,0,0,0,0,0,368,0,0,0,42,1,0,0,0,0,0
170,0,0,0,0,2,0,0,2,139,0,0,0,26,2,0,0,0,0,2
810,0,6,0,0,5,0,0,5,616,0,0,0,148,38,0,0,0,0,5
1601,0,14,0,0,16,0,0,16,1290,0,0,0,267,38,0,0,0,1,16
47,0,0,0,0,1,0,0,1,47,0,0,0,1,1,0,0,0,0,1
194,0,0,0,0,0,0,0,0,175,0,0,0,17,0,0,0,0,0,0
81,0,0,0,0,0,0,0,0,75,0,0,0,16,8,0,0,1,0,0
346,0,3,0,0,4,0,0,4,292,0,0,0,38,15,0,0,0,0,4
27,0,0,0,0,0,0,0,0,28,0,0,0,0,0,0,0,0,0,0
72,0,0,0,0,2,0,0,2,28,0,0,0,10,37,0,0,0,0,2
229,0,0,0,0,1,0,0,1,183,0,0,0,40,3,0,0,0,0,1
234,0,0,0,0,0,0,0,0,186,0,0,0,38,2,0,0,0,0,0
353,0,0,0,0,2,0,0,2,263,0,0,0,53,28,0,0,0,0,2
69,0,0,0,0,0,0,0,0,49,0,0,0,19,0,0,0,0,0,0
240,0,0,0,0,3,0,0,3,177,0,0,0,37,15,0,0,0,0,3
272,0,0,0,0,0,0,0,0,141,0,0,0,128,0,0,0,0,0,0
1000,0,0,0,0,8,0,0,8,630,0,0,0,237,120,0,0,0,0,8
884,0,0,0,0,7,0,0,7,612,0,0,0,253,26,0,0,0,0,7
245,0,9,0,0,4,0,0,4,219,0,0,0,29,8,0,0,0,0,4
107,0,0,0,0,0,0,0,0,87,0,0,0,19,0,0,0,0,0,0
241,0,0,0,0,2,0,0,2,205,0,0,0,35,2,0,0,0,0,2
504,0,0,0,0,3,0,0,3,302,0,0,0,161,36,0,0,0,0,3
431,0,0,0,0,1,0,0,1,303,0,0,0,86,8,0,0,0,0,1
280,0,0,0,0,3,0,0,3,230,0,0,0,25,29,0,0,0,0,3
276,0,0,0,0,0,0,0,0,235,0,0,0,39,19,0,0,0,0,0
322,0,0,0,0,6,0,0,6,314,0,0,0,8,6,0,0,0,0,6
646,0,0,0,0,6,0,0,6,452,0,0,0,149,41,0,0,0,0,6
557,0,0,0,0,7,0,0,7,489,0,0,0,58,7,0,0,0,0,7
349,0,0,0,0,9,0,0,9,324,0,0,0,11,9,0,0,0,0,9
164,0,13,0,0,1,0,0,1,162,0,0,0,11,1,0,0,0,0,1
353,0,0,0,0,2,0,0,2,215,0,0,0,62,63,0,0,0,0,2
230,0,0,0,0,0,0,0,0,167,0,0,0,59,0,0,0,0,0,0
180,0,0,0,0,0,0,0,0,181,0,0,0,0,0,0,0,0,0,0
242,0,5,0,0,4,0,0,4,229,0,0,0,16,4,0,0,0,0,4
88,0,0,0,0,1,0,0,1,71,0,0,0,1,11,0,0,0,0,1
151,0,0,0,0,0,0,0,0,105,0,0,0,45,0,0,0,0,0,0
442,0,0,0,0,0,0,0,0,356,0,0,0,50,24,0,0,0,0,0
89,0,0,0,0,0,0,0,0,64,0,0,0,9,16,0,0,0,0,0
658,0,0,0,0,5,0,0,5,412,0,0,0,133,108,0,0,0,0,5
865,0,0,0,0,12,0,0,12,665,0,0,0,106,91,0,0,0,0,12
978,0,72,0,0,4,0,0,4,713,0,0,0,232,75,0,0,0,0,4
284,0,0,0,0,5,0,0,5,253,0,0,0,31,5,0,0,0,0,5
128,0,0,0,0,4,0,0,4,100,0,0,0,26,4,0,0,0,0,4
155,0,0,0,0,0,0,0,0,120,0,0,0,28,2,0,0,0,0,0
804,0,0,0,0,1,0,0,1,614,0,0,0,129,52,0,0,0,0,1
236,0,0,0,0,0,0,0,0,144,0,0,0,89,1,0,0,0,0,0
176,0,0,0,0,1,0,0,1,171,0,0,0,1,4,0,0,0,0,1
278,0,0,0,0,0,0,0,0,226,0,0,0,48,2,0,0,0,0,0
234,0,0,0,0,0,0,0,0,189,0,0,0,37,2,0,0,0,0,0
26,0,0,0,0,0,0,0,0,27,0,0,0,0,0,0,0,0,0,0
28,0,0,0,0,0,0,0,0,29,0,0,0,0,0,0,0,0,0,0
303,0,0,0,0,5,0,0,5,271,0,0,0,14,5,0,0,0,0,5
638,0,0,0,0,5,0,0,5,420,0,0,0,136,87,0,0,0,0,5
350,0,0,0,0,7,0,0,7,229,0,0,0,78,49,0,0,0,0,7
69,0,0,0,0,0,0,0,0,66,0,0,0,4,0,0,0,0,0,0
210,0,0,0,0,1,0,0,1,173,0,0,0,32,1,0,0,0,0,1
1036,0,0,0,0,13,0,0,13,833,0,0,0,199,8,0,0,0,0,13
302,0,0,0,0,0,0,0,0,263,0,0,0,32,0,0,0,0,0,0
20,0,0,0,0,0,0,0,0,21,0,0,0,0,0,0,0,0,0,0
205,0,0,0,0,4,0,0,4,176,0,0,0,27,4,0,0,0,0,4
29,0,0,0,0,0,0,0,0,30,0,0,0,0,0,0,0,0,0,0
1108,0,0,0,0,25,0,0,25,915,0,0,0,124,80,0,0,0,0,25
155,0,0,0,0,2,0,0,2,140,0,0,0,13,2,0,0,0,0,2
213,0,0,0,0,0,0,0,0,167,0,0,0,42,2,0,0,0,0,0
8,0,0,0,0,0,0,0,0,9,0,0,0,0,0,0,0,0,0,0
603,0,0,0,0,2,0,0,2,362,0,0,0,213,14,0,0,0,0,2
324,0,23,0,0,4,0,0,4,270,0,0,0,53,8,0,0,0,0,4
165,0,0,0,0,4,0,0,4,136,0,0,0,25,4,0,0,0,0,4